{"cameraMode":{"drawMode":0,"name":"Shaded","section":"Shading Mode"},"sceneLighting":true,"audioPlay":false,"sceneViewState":{"showFog":false,"showMaterialUpdate":false,"showSkybox":false,"showFlares":false,"showImageEffects":false,"showParticleSystems":false},"in2DMode":false,"pivot":{"x":-8.736662864685059,"y":2.139618396759033,"z":-6.684469223022461},"rotation":{"x":0.17310389876365663,"y":0.014772112481296063,"z":-0.002604021690785885,"w":0.9847948551177979},"size":6.535158157348633,"orthographic":false}